position,cumulative_value,player_count,avg_value_per_player
EDGE,3020,32,94.375
WR,2724,33,82.54545454545455
OT,2292,33,69.45454545454545
CB,2204,30,73.46666666666667
LB,1822,19,95.89473684210526
QB,1751,11,159.1818181818182
DT,1378,23,59.91304347826087
S,1166,19,61.36842105263158
IOL,848,25,33.92
RB,655,12,54.583333333333336
TE,653,20,32.65
